repo;stars
gohugoio/hugo;20751
future-architect/vuls;4735
apex/up;3664
tsuru/tsuru;2571
adtac/commento;2029
goreleaser/goreleaser;2023
v2tec/watchtower;1334
hacdias/filemanager;1303
alecthomas/chroma;1183
awslabs/aws-sam-local;1126
osrg/gobgp;1071
barnybug/cli53;1065
justwatchcom/gopass;941
gwuhaolin/lightsocks;587
huacnlee/flora-kit;554
rif/spark;480
getantibody/antibody;469
go-task/task;415
t3rm1n4l/megacmd;371
magefile/mage;348
cloudnativelabs/kube-router;318
client9/misspell;312
maliceio/malice;312
codeskyblue/gosuv;255
codeskyblue/gohttpserver;232
boz/kail;229
martensson/nixy;222
aybabtme/humanlog;218
kyoh86/richgo;212
schollz/croc;190
wrouesnel/postgres_exporter;183
wendigo/go-bind-plugin;149
bep/s3deploy;146
gwuhaolin/livego;136
corywalker/expreduce;130
ValeLint/vale;129
schollz/pluck;124
dreadl0ck/zeus;118
jetstack/tarmak;109
schollz/linkcrawler;105
ncw/stressdisk;104
tsuru/planb;99
guillaumebreton/gone;97
qvl/ghbackup;96
gnormal/gnorm;92
qvl/sleepto;91
lucapette/fakedata;88
stripe/stripe-mock;85
kirillrogovoy/pullkee;79
sroberts/cacador;77
luizbafilho/fusis;75
aybabtme/datagen;75
dave/blast;74
zalando-incubator/zally;70
daptin/daptin;69
goreleaser/godownloader;66
gulien/orbit;65
qvl/promplot;62
skorokithakis/gweet;58
greenboxal/dns-heaven;57
jonog/redalert;56
weaviate/weaviate;53
DheerendraRathor/GoTracer;52
huacnlee/gobackup;52
Shopify/kubeaudit;44
andreas-schroeder/kafka-health-check;43
phayes/freeport;38
boz/ephemerald;37
lucapette/deloominator;34
beplus/makeicon;34
tsuru/tsuru-client;31
rliebz/tusk;31
osteele/gojekyll;30
wendigo/chrome-protocol-proxy;30
mesuutt/turengo;30
31z4/harvest;28
zupzup/calories;26
kamilsk/retry;26
hypnoglow/helm-s3;25
JulienBreux/pody;24
jbarone/ghostToHugo;24
nyaruka/courier;23
qvl/httpsyet;22
openatx/wdaproxy;22
Leviathan1995/fari-proxy;22
barnybug/s3;22
genkiroid/cert;21
kaihendry/lk;21
caarlos0/example;21
xshellinc/iotit;20
thehowl/claws;20
schollz/crawdad;19
envkey/envkey-source;18
snwfdhmp/duck;18
qa-dev/jsonwire-grid;18
xwjdsh/manssh;18
martinhoefling/saltbeat;17
arke-works/arke;17
petermbenjamin/s3-fuzzer;17
dunglas/stack2slack;16
caarlos0/fork-cleaner;16
monax/hoard;15
kyoh86/scopelint;15
sascha-andres/go-logsink;15
schollz/boltdb-server;15
celrenheit/sandglass;14
caarlos0/karmahub;14
kamilsk/semaphore;14
itkSource/lorhammer;13
sascha-andres/devenv;12
sdminonne/workflow-controller;12
wacul/ichigo;11
nem-toolchain/nem-toolchain;11
wrouesnel/prometheus-prefiller;11
CityOfZion/neo-go-sdk;11
jacobbednarz/go-csp-collector;11
syossan27/kirimori;11
lucapette/tracker;10
tednaleid/ganda;10
gen0cide/laforge;10
caarlos0/promfmt;10
zeebe-io/zbc-go;10
ovh/ldp-tail;9
caarlos0/github-vacations;9
n0rad/housecream;9
aybabtme/godotto;9
compose/bach;9
mkevac/hmm;9
andygrunwald/jitic;8
caarlos0/org-stats;8
caarlos0/twatcher;8
romainmenke/simple-guetzli;8
replicatedhq/replicated;8
openatx/atx-agent;8
tleyden/cecil;7
egnyte/ax;7
envkey/envkey-fetch;7
moncho/warpwallet;7
lrstanley/links.ml;7
petermbenjamin/orthrus;7
caarlos0/victorops-notifier;7
darvid/nessusbeat;6
zerok/concourse-piper;6
OpenPixel/rise;6
Southclaws/sampctl;6
zeebe-io/zeebe-operator;6
NERDDISCO/VisionLord;6
sandreas/graft;5
whats-this/owo.go;5
rnitame/daily;5
bep/twittercard-proxy;5
Tympanix/artoodetoo;5
caarlos0/domain_exporter;5
nyaruka/goflow;5
screwdriver-cd/launcher;5
rai-project/rai;5
okzk/env-injector;5
uw-labs/strongbox;5
metrue/fx;5
go-jsonfile/jsonfiddle;5
caarlos0/route53-cleaner;5
wayneashleyberry/phpl;5
ifad/clammit;5
nouney/helm-gcs;4
klauern/remy;4
Jimdo/elb-instance-status;4
docker-gantry/gantry;4
ohsawa0515/ec2-vuls-config;4
MYOB-Technology/konfigurator;4
schollz/urlss;4
mbialon/getrand;4
Nexinto/rancher-icinga;4
jetstack-experimental/vault-unsealer;4
zph/moresql;4
stormforger/cli;4
pyed/rtelegram;4
cirocosta/sdns;4
tsuru/deploy-agent;4
crowdworks/cyqldog;4
kishaningithub/randomtext;3
bureaux-a-partager/gh-slack-reminder;3
mixer/wsplice;3
ethereumproject/janus;3
prologic/gopherproxy;3
afrase/mysqldumpsplit;3
pagumin/instago;3
ContaAzul/postgresql_exporter;3
cockroachdb/vendored;3
caarlos0/shcheck;3
blacktop/how-ya-doing;3
circonus-labs/circonus-agent;3
caarlos0/clone-org;3
xreception/go-swagen;3
LoliGothick/cbt;3
foomo/gotsrpc;3
dotzero/git-profile;3
TheTorProject/ooni-sync;3
andygrunwald/perseus;3
caarlos0-graveyard/cepinator;3
diasjorge/roly;3
petermbenjamin/aws-console;2
asnodgrass/columbus-v1000;2
shahinam/cloudac-dl;2
lrstanley/geoip;2
fsouza/s3-upload-proxy;2
dwarvesf/glm;2
joyent/pg_prefaulter;2
FurqanSoftware/bullet;2
PeterBooker/wpds;2
frozzare/alfred;2
fresh8/consulship;2
Nexinto/check-rancher;2
lucianjon/zk-exporter;2
signalsciences/changelog;2
leandro-lugaresi/message-cannon;2
zet4/disguard;2
ptinsley/fling;2
hemtjanst/hemtjanst;2
shiftky/go-tmsh;2
maliceio/engine;2
robertgzr/porcelain;2
rai-project/carml;2
ellisonleao/fotolog-dl;2
ContaAzul/hystrix_exporter;2
phase2/rig;2
drewsonne/go-gocd;2
deliveroo/paddle;2
zerok/clocked;2
caarlos0/am-i-working;2
komuW/meli;2
thewraven/shrink;2
petermbenjamin/go-open;2
KemoKemo/gckdir;2
bsep/server;2
emir/weekly-share-cli;2
bureaux-a-partager/lucca-leaves-slack-reminder;2
lrstanley/marill;2
KemoKemo/go-kuronandash;2
yuuki/binrep;2
cirocosta/l7;2
ligato/vpp-sample-service;2
remyLemeunier/contactkey;1
martinhoefling/gosip;1
wrouesnel/pdns_exporter;1
umovme/dbview;1
davidderus/christopher;1
brightbox/terraform-provider-brightbox;1
wrouesnel/tail_exporter;1
rafaelsales/street-sweeper;1
citizenfx/fx;1
SSENSE/sqspush;1
tsauter/transmit;1
schollz/qrcode;1
128technology/influx-importer;1
exitshell/konnect;1
dpastoor/gows;1
alexcrownus/vreg;1
peteraba/dblfinder;1
jbub/pgbouncer_exporter;1
zcong1993/gist;1
spiffe/sidecar;1
spiegel-im-spiegel/gpgpdump;1
foomo/config-bob;1
esiqveland/replayuploader;1
zaru/container-builder-local-api;1
but80/smaf825;1
dnna/terraform-provider-auth0;1
paulvollmer/openapi-split;1
client9/markdown_tools;1
cirocosta/l4;1
andefined/twreport;1
dpastoor/babylon;1
testthedocs/henry;1
peeyushsrj/ui-music-junk-cleaner;1
skatsuta/athenai;1
Atrox/cain;1
alastairruhm/utfbom-remove;1
jeffijoe/total-rename;1
ligato/bgp-agent;1
rif/telegraf-freeswitch;1
mdouchement/composer;1
MYOB-Technology/dataform;1
domudall/gce-sleep;1
binhq/binbrew;1
fsuhrau/gopretty;1
coveo/tgf;1
kevinburke/chroma-markdown;1
moonwalker/luna;1
MiLk/nmp;1
Didstopia/motionerd;1
martensson/tpm;1
TylerBrock/saw;1
fdns/godnscaptureclickhouse;1
omniscale/legendgraphic;1
alexhudson/stowage;1
Code-Hex/chair;1
frozzare/dokku-prompt;1
mdp/delo;1
ingrammicro/concerto;1
osuripple/cheesegull;1
rai-project/dockerfile-builder;1
Jimdo/github-team-ssh-keys;1
townewgokgok/slack-status;1
wrouesnel/go.powerdns;0
paulchiu/xinput-toggle;0
KristinaEtc/goreleaser-test;0
vjeantet/bitfan-ui;0
midorigreen/gmd;0
kyoh86/deject;0
lrstanley/nagios-notify-irc;0
jiro4989/ivgor;0
5Sigma/conduit;0
coveo/gotemplate;0
foomo/foomo-releaser;0
sanathkr/go-helloworld;0
giacomocariello/terraform-provider-consulclient;0
midorigreen/gtrello;0
giacomocariello/terraform-provider-dockermachine;0
kevingimbel/isup;0
goreleaser/example;0
ninnemana/fuz;0
gofortune/gofortune;0
MerlinDMC/jsonbeat;0
ReturnPath/protoc-gen-template;0
screwdriver-cd/meta-cli;0
fsuhrau/gocat;0
chapin666/socks5-ss;0
abhi18av/saigo;0
whilei/squirrel;0
noonien/tcp-proxy;0
naveego/plugin-sub-test;0
chenshunlin/filemanager;0
lrstanley/borg;0
sklevenz/goreleaser-test;0
citizenfx/client-downloader;0
naveego/plugin-sub-mariadb;0
mplx/gosample;0
spiegel-im-spiegel/github-pages-env;0
spiegel-im-spiegel/hash;0
jiro4989/md4pt;0
hassansin/amqptools;0
willyb321/gthsmanage;0
screwdriver-cd/sd-step;0
5Sigma/spyder;0
dependencies-io/pullrequest;0
berfarah/knoch;0
rai-project/rai-keygen;0
tosone/testGoRelease;0
cedriclam/helm-test;0
Jimdo/github-downloader;0
unders/servdir;0
screwdriver-cd/log-service;0
wolfeidau/ggprov;0
dictybase-playground/gdrive-uploadr;0
Jimdo/wonderland-prom-rulegen;0
geoffreybauduin/iap-dump;0
rdtr/bq-partition-porter;0
simonswine/aws-nuke;0
zerok/tpl;0
mattstratton/bowie;0
martinplaner/felix;0
hakupoint/test;0
naveego/plugin-pub-mssql;0
zerok/remarked;0
z4ce/s3-restore;0
izzulhaziq/aggregateapi;0
av7573/av7573;0
enchantry/sexecline;0
dmush/sqlpack;0
coveo/terraform-provider-quantum;0
diverdown/toggl2slack;0
kaleocheng/kanna;0
giacomocariello/terraform-provider-dockerclient;0
spiegel-im-spiegel/mklink;0
drewsonne/terraform-provider-gocd;0
divanvisagie/JSON-translator;0
adrianbrink/tendereum;0
kevingimbel/goreleaser-demo;0
uepoch/go-healthchecker;0
Originate/exocom;0
mbialon/hexdec;0
VagabondDataNinjas/gizlinebot;0
maliceio/cli;0
grapswiz/dfs;0
Didstopia/symbolizer;0
matthewmueller/giftbox;0
vlifesystems/rulehunter;0
anyweez/matchgrab;0
artberri/gitcleaner;0
DanielMSchmidt/flow-watcher;0
blp1526/gg;0
sergiusens/hello;0
lrstanley/nagios-check-ircd;0
spiegel-im-spiegel/reldemo;0
divanvisagie/reverse-proxy;0
Versent/kinesis-tail;0
marianogappa/simil;0
K7MSH/webcam-scraper;0
augustopimenta/dev-dock;0
stathat/cmd;0
bep/releaser-test;0
Jimdo/autoscaling-file-sd;0
kyoh86/git-vertag;0
divanvisagie/horrid;0
wrouesnel/reverseit;0
hamin/godesk;0
embano1/dontdisturb;0
CxiaoyuN/filemanager;0
giacomocariello/nickelcase;0
sascha-andres/go-snippet;0
sairam/httpsbin;0
z7zmey/codegraph;0
sebastianwebber/hba;0
diegofernandes/context-test;0
divanvisagie/remote-wallpaper;0
zet4/go-travis-docker-test;0
predixapm/cases;0
tukangkod/gorelease-example;0
zerok/pyvideosearch;0
sascha-andres/gitbranch;0
tnoda78/posiserver;0
phrase-yourself/phrased;0
dmlam-dev/Hugo;0
henry40408/currency;0
pikacloud/run-agent;0
hiromisuzuki/tellanch;0
gincorp/gin;0
vromero/gofortune;0
blblblu/leri;0
itzg/img-hacker;0
kamilsk/egg;0
gedex/goreleaser-example-app;0
abhi18av/goHabitica;0
andreiashu/cryptom;0
TunedMystic/gops;0
blblblu/asami;0
gost-c/enr;0
kaey/langtools;0
stve/tn;0
pocketgophers/pgviewer;0
mattbangert/GoSkeleton;0
circonus-labs/circonus-logwatch;0
gugahoi/dogwatch;0
adriaandejonge/contentful-hugo;0
zcong1993/gcommitter;0
stve/scar;0
emersion/do-dyn-domain;0
AndreaGhizzoni/zenium;0
helmci/mirror-plugin;0
thewraven/gsplit;0
kyleburton/randwords;0
DheerendraRathor/SimpleWsClient;0
dpastoor/cpdf;0
sascha-andres/tardeploy;0
coinapp-io/coinapp;0
gnur/golpje;0
wrouesnel/multihttp;0
Praqma/helmsman;0
nakaji-s/hbase-cmd;0
codeskyblue/adbx;0
fprieur/stminfo;0
naveego/plugin-pub-test;0
cloudboss/keights;0
gillchristian/todos;0
wrouesnel/reverse_exporter;0
fprieur/wb2d;0
IFTTT/alb-tool;0
jason-riddle/stateless;0
mchudgins/playground;0
abhi18av/s_a_i_go;0
petems/gitgud;0
MathieuDoyon/sqspush;0
caarlos0/test;0
kevingimbel/goserve;0
hawky-4s-/octoman;0
tomsquest/bouyguessms;0
rentziass/codrops;0
sidmusa/hugo;0
artpar/gisio;0
kevingimbel/fget;0
kogasoftware/dmocks;0
drewsonne/gocd-tf-generate;0
wrouesnel/callback;0
leitaoxman/backup-lightsocks;0
Teddy-Zhu/pproxy;0
mbesancon/tomate;0
itzg/haproxy-gen;0
circleci/ccidemo;0
wrouesnel/makecerts;0
tjyang/cmd1;0
whyrv/clitemplate;0
client9/s3push;0
wrouesnel/self-contained-go-project;0
humio/cli;0
avast/stor-client;0
arran4/matchStickProblem;0
humio/cli-python;0
